[
  {
    "name": "Amsterdam, Netherlands (Clouvider)",
    "host": "https://ams.speedtest.clouvider.net/backend/",
    "paths": {
      "download": "garbage.php",
      "upload": "empty.php",
      "ping": "empty.php",
      "ip": "getIP.php"
    }
  },
  {
    "name": "Chicago, USA (Clouvider)",
    "host": "https://chi.speedtest.clouvider.net/backend/",
    "paths": {
      "download": "garbage.php",
      "upload": "empty.php",
      "ping": "empty.php",
      "ip": "getIP.php"
    }
  },
  {
    "name": "Frankfurt, Germany (Clouvider)",
    "host": "https://fra.speedtest.clouvider.net/backend/",
    "paths": {
      "download": "garbage.php",
      "upload": "empty.php",
      "ping": "empty.php",
      "ip": "getIP.php"
    }
  },
  {
    "name": "London, UK (Clouvider)",
    "host": "https://lon.speedtest.clouvider.net/backend/",
    "paths": {
      "download": "garbage.php",
      "upload": "empty.php",
      "ping": "empty.php",
      "ip": "getIP.php"
    }
  },
  {
    "name": "Miami, USA (Vultr)",
    "host": "https://fl-us-ping.vultr.com/",
    "paths": {
      "download": "garbage.php",
      "upload": "empty.php",
      "ping": "empty.php",
      "ip": "getIP.php"
    }
  },
  {
    "name": "Mumbai, India (DigitalOcean)",
    "host": "https://in1.backend.librespeed.org/",
    "paths": {
      "download": "garbage.php",
      "upload": "empty.php",
      "ping": "empty.php",
      "ip": "getIP.php"
    }
  },
  {
    "name": "New York, USA (Clouvider)",
    "host": "https://nyc.speedtest.clouvider.net/backend/",
    "paths": {
      "download": "garbage.php",
      "upload": "empty.php",
      "ping": "empty.php",
      "ip": "getIP.php"
    }
  },
  {
    "name": "Oslo, Norway (Lemuria ApS)",
    "host": "https://librespeed.apidev.eu/",
    "paths": {
      "download": "garbage.php",
      "upload": "empty.php",
      "ping": "empty.php",
      "ip": "getIP.php"
    }
  },
  {
    "name": "Rome, Italy (GARR)",
    "host": "https://st-be-rm1.infra.garr.it/",
    "paths": {
      "download": "garbage.php",
      "upload": "empty.php",
      "ping": "empty.php",
      "ip": "getIP.php"
    }
  },
  {
    "name": "Singapore (DigitalOcean)",
    "host": "https://sgp.backend.librespeed.org/",
    "paths": {
      "download": "garbage.php",
      "upload": "empty.php",
      "ping": "empty.php",
      "ip": "getIP.php"
    }
  },
  {
    "name": "Sydney, Australia (DigitalOcean)",
    "host": "https://au1.backend.librespeed.org/",
    "paths": {
      "download": "garbage.php",
      "upload": "empty.php",
      "ping": "empty.php",
      "ip": "getIP.php"
    }
  },
  {
    "name": "Turin, Italy (GARR)",
    "host": "https://st-be-to1.infra.garr.it/",
    "paths": {
      "download": "garbage.php",
      "upload": "empty.php",
      "ping": "empty.php",
      "ip": "getIP.php"
    }
  },
  {
    "name": "Poznan, Poland (Kamil Szczepanski)",
    "host": "https://speedtest.kamilszczepanski.com/",
    "paths": {
      "download": "garbage.php",
      "upload": "empty.php",
      "ping": "empty.php",
      "ip": "getIP.php"
    }
  },
  {
    "name": "Dallas, USA (Clouvider)",
    "host": "https://dal.speedtest.clouvider.net/backend/",
    "paths": {
      "download": "garbage.php",
      "upload": "empty.php",
      "ping": "empty.php",
      "ip": "getIP.php"
    }
  },
  {
    "name": "Los Angeles, USA (Clouvider)",
    "host": "https://lax.speedtest.clouvider.net/backend/",
    "paths": {
      "download": "garbage.php",
      "upload": "empty.php",
      "ping": "empty.php",
      "ip": "getIP.php"
    }
  },
  {
    "name": "Singapore (Clouvider)",
    "host": "https://sgp.speedtest.clouvider.net/backend/",
    "paths": {
      "download": "garbage.php",
      "upload": "empty.php",
      "ping": "empty.php",
      "ip": "getIP.php"
    }
  },
  {
    "name": "Melbourne, Australia (DigitalOcean)",
    "host": "https://mel1.backend.librespeed.org/",
    "paths": {
      "download": "garbage.php",
      "upload": "empty.php",
      "ping": "empty.php",
      "ip": "getIP.php"
    }
  },
  {
    "name": "Newark, USA (DigitalOcean)",
    "host": "https://nwk.backend.librespeed.org/",
    "paths": {
      "download": "garbage.php",
      "upload": "empty.php",
      "ping": "empty.php",
      "ip": "getIP.php"
    }
  },
  {
    "name": "São Paulo, Brazil (Vultr)",
    "host": "https://saopaulo.speedtest.vultr.com/",
    "paths": {
      "download": "garbage.php",
      "upload": "empty.php",
      "ping": "empty.php",
      "ip": "getIP.php"
    }
  }
]
